"CBSA","CBSA Code","Year","Days with AQI","Good Days","Moderate Days","Unhealthy for Sensitive Groups Days","Unhealthy Days","Very Unhealthy Days","Hazardous Days","Max AQI","90th Percentile AQI","Median AQI","Days CO","Days NO2","Days Ozone","Days SO2","Days PM2.5","Days PM10"
"Aberdeen, SD","10100",2019,122,112,10,0,0,0,0,77,42,20,0,0,0,0,111,11
"Aberdeen, WA","10140",2019,352,348,4,0,0,0,0,57,35,20,0,0,0,0,352,0
"Adjuntas, PR","10260",2019,117,108,9,0,0,0,0,66,44,18,0,0,0,0,117,0
"Adrian, MI","10300",2019,358,286,72,0,0,0,0,90,58,39,0,0,192,0,166,0
"Akron, OH","10420",2019,365,278,84,3,0,0,0,115,61,43,0,0,180,1,184,0
"Albany, GA","10500",2019,356,236,118,2,0,0,0,107,63,40,0,0,0,0,356,0
"Albany, OR","10540",2019,365,280,83,2,0,0,0,104,62,28,0,0,0,0,365,0
"Albany-Schenectady-Troy, NY","10580",2019,365,322,43,0,0,0,0,92,53,37,0,0,254,0,111,0
"Albuquerque, NM","10740",2019,365,161,200,4,0,0,0,108,77,53,0,0,252,0,66,47
"Alexandria, LA","10780",2019,119,107,12,0,0,0,0,71,52,30,0,0,0,0,119,0
"Allentown-Bethlehem-Easton, PA-NJ","10900",2019,365,275,86,4,0,0,0,119,64,42,0,13,224,0,128,0
"Altoona, PA","11020",2019,354,281,73,0,0,0,0,92,60,41,0,0,211,2,141,0
"Amarillo, TX","11100",2019,365,259,96,10,0,0,0,119,69,44,0,0,293,45,27,0
"Americus, GA","11140",2019,238,211,27,0,0,0,0,97,54,39,0,0,238,0,0,0
"Anchorage, AK","11260",2019,365,262,92,7,4,0,0,160,70,31,5,0,0,0,255,105
"Ann Arbor, MI","11460",2019,365,292,73,0,0,0,0,88,58,40,0,0,241,0,124,0
"Appleton, WI","11540",2019,365,304,59,2,0,0,0,119,58,37,0,0,172,8,185,0
"Ardmore, OK","11620",2019,365,285,80,0,0,0,0,97,58,43,0,0,218,0,147,0
"Arkadelphia, AR","11660",2019,355,347,8,0,0,0,0,67,46,32,0,0,355,0,0,0
"Asheville, NC","11700",2019,365,285,78,2,0,0,0,108,61,44,0,0,225,24,116,0
"Ashtabula, OH","11780",2019,358,334,23,1,0,0,0,112,47,34,0,0,245,113,0,0
"Athens, OH","11900",2019,120,116,4,0,0,0,0,56,43,25,0,0,0,0,120,0
"Athens, TN","11940",2019,357,316,41,0,0,0,0,65,51,30,0,0,0,0,357,0
"Athens-Clarke County, GA","12020",2019,365,245,120,0,0,0,0,87,61,44,0,0,136,0,229,0
"Atlanta-Sandy Springs-Roswell, GA","12060",2019,365,162,184,18,1,0,0,172,87,52,0,9,172,0,184,0
"Atlantic City-Hammonton, NJ","12100",2019,365,328,36,1,0,0,0,105,51,37,0,0,262,0,103,0
"Augusta-Richmond County, GA-SC","12260",2019,365,219,144,2,0,0,0,101,70,47,0,0,194,14,157,0
"Augusta-Waterville, ME","12300",2019,361,356,5,0,0,0,0,67,44,28,0,129,211,0,21,0
"Austin-Round Rock, TX","12420",2019,365,249,114,2,0,0,0,115,63,44,0,7,178,0,180,0
"Bakersfield, CA","12540",2019,365,119,151,87,6,1,1,548,122,67,0,2,260,0,73,30
"Baltimore-Columbia-Towson, MD","12580",2019,365,223,129,13,0,0,0,150,80,46,0,18,246,4,97,0
"Bangor, ME","12620",2019,361,348,13,0,0,0,0,72,45,31,0,0,207,0,146,8
"Baraboo, WI","12660",2019,365,311,53,1,0,0,0,107,54,35,0,0,175,0,190,0
"Barnstable Town, MA","12700",2019,359,348,11,0,0,0,0,93,45,36,0,0,357,0,2,0
"Baton Rouge, LA","12940",2019,365,224,132,9,0,0,0,119,75,45,0,6,175,1,183,0
"Bay City, MI","13020",2019,316,288,28,0,0,0,0,83,46,26,0,0,0,0,316,0
"Beaumont-Port Arthur, TX","13140",2019,365,234,122,8,1,0,0,174,71,45,0,0,183,32,150,0
"Beaver Dam, WI","13180",2019,365,297,67,1,0,0,0,122,57,40,0,0,260,0,105,0
"Bellingham, WA","13380",2019,365,277,78,10,0,0,0,122,70,34,0,0,55,171,139,0
"Bemidji, MN","13420",2019,352,332,18,1,1,0,0,181,42,20,0,0,0,0,352,0
"Bend-Redmond, OR","13460",2019,365,341,19,4,1,0,0,153,43,20,0,0,0,0,365,0
"Bennington, VT","13540",2019,365,345,20,0,0,0,0,94,46,35,0,0,312,0,53,0
"Berlin, NH-VT","13620",2019,324,314,10,0,0,0,0,64,47,40,0,0,305,0,19,0
"Big Spring, TX","13700",2019,334,294,36,4,0,0,0,115,54,11,0,0,0,334,0,0
"Billings, MT","13740",2019,362,357,4,0,1,0,0,157,34,21,0,0,0,77,285,0
"Birmingham-Hoover, AL","13820",2019,365,150,197,18,0,0,0,150,84,53,0,2,121,11,230,1
"Bishop, CA","13860",2019,365,232,121,6,2,1,3,638,84,47,0,0,319,0,13,33
"Bismarck, ND","13900",2019,365,320,45,0,0,0,0,90,53,36,0,4,284,0,77,0
"Blacksburg-Christiansburg-Radford, VA","13980",2019,365,306,55,4,0,0,0,134,59,41,0,0,296,69,0,0
"Bloomington, IL","14010",2019,364,256,108,0,0,0,0,100,61,44,0,0,174,0,190,0
"Bloomington, IN","14020",2019,363,291,72,0,0,0,0,87,57,42,0,0,222,0,141,0
"Boise City, ID","14260",2019,365,248,114,2,1,0,0,165,67,44,0,4,162,0,186,13
"Borger, TX","14420",2019,359,221,57,79,2,0,0,162,117,19,0,0,0,359,0,0
"Boston-Cambridge-Newton, MA-NH","14460",2019,365,291,73,1,0,0,0,122,58,43,0,15,210,0,140,0
"Boulder, CO","14500",2019,365,227,133,5,0,0,0,119,74,47,0,0,269,0,96,0
"Bowling Green, KY","14540",2019,365,268,97,0,0,0,0,77,58,43,0,0,212,0,153,0
"Bozeman, MT","14580",2019,365,337,28,0,0,0,0,91,47,25,4,22,0,0,339,0
"Brainerd, MN","14660",2019,359,328,29,2,0,0,0,125,46,29,0,0,171,0,188,0
"Branson, MO","14700",2019,60,58,2,0,0,0,0,61,33,18,0,0,0,0,60,0
"Bremerton-Silverdale, WA","14740",2019,340,338,2,0,0,0,0,75,35,18,0,0,0,0,340,0
"Bridgeport-Stamford-Norwalk, CT","14860",2019,365,262,82,18,3,0,0,161,77,43,0,9,186,0,169,1
"Brookings, SD","15100",2019,365,284,76,5,0,0,0,126,64,42,0,0,329,0,23,13
"Brownsville-Harlingen, TX","15180",2019,365,236,129,0,0,0,0,89,62,44,0,0,128,0,237,0
"Brunswick, GA","15260",2019,279,254,25,0,0,0,0,80,50,36,0,0,224,0,55,0
"Buffalo-Cheektowaga-Niagara Falls, NY","15380",2019,365,308,57,0,0,0,0,93,54,39,0,21,241,0,103,0
"Burlington-South Burlington, VT","15540",2019,365,335,30,0,0,0,0,80,49,37,0,0,283,0,82,0
"Butte-Silver Bow, MT","15580",2019,363,319,44,0,0,0,0,91,55,20,0,0,0,0,191,172
"Cadillac, MI","15620",2019,365,330,35,0,0,0,0,74,50,36,0,0,314,0,51,0
"Cambridge, MD","15700",2019,365,304,58,3,0,0,0,126,55,41,0,0,329,0,36,0
"Canton-Massillon, OH","15940",2019,365,226,139,0,0,0,0,100,67,46,0,0,164,0,201,0
"Cape Coral-Fort Myers, FL","15980",2019,365,328,36,1,0,0,0,108,51,36,0,0,251,0,110,4
"Carlsbad-Artesia, NM","16100",2019,365,212,134,17,2,0,0,174,90,47,0,1,364,0,0,0
"Carson City, NV","16180",2019,365,308,57,0,0,0,0,97,58,41,0,0,300,0,65,0
"Casper, WY","16220",2019,364,327,37,0,0,0,0,84,51,42,0,1,358,2,3,0
"Ca¤on City, CO","15860",2019,32,32,0,0,0,0,0,29,23,13,0,0,0,0,0,32
"Cedar City, UT","16260",2019,365,329,36,0,0,0,0,84,50,42,0,20,323,0,22,0
"Cedar Rapids, IA","16300",2019,365,287,78,0,0,0,0,84,60,39,0,0,175,4,186,0
"Centralia, WA","16500",2019,365,343,22,0,0,0,0,62,45,20,0,0,0,0,365,0
"Chambersburg-Waynesboro, PA","16540",2019,341,324,17,0,0,0,0,80,48,36,0,0,341,0,0,0
"Champaign-Urbana, IL","16580",2019,365,281,84,0,0,0,0,100,61,42,0,0,235,0,130,0
"Charleston, WV","16620",2019,365,314,51,0,0,0,0,93,54,40,18,0,240,3,104,0
"Charleston-North Charleston, SC","16700",2019,355,299,55,1,0,0,0,140,55,38,0,1,240,0,113,1
"Charlotte-Concord-Gastonia, NC-SC","16740",2019,365,200,147,18,0,0,0,136,87,49,0,0,243,0,122,0
"Charlottesville, VA","16820",2019,282,264,18,0,0,0,0,67,48,40,0,0,233,0,49,0
"Chattanooga, TN-GA","16860",2019,365,230,135,0,0,0,0,97,67,46,0,0,183,0,182,0
"Cheyenne, WY","16940",2019,365,305,60,0,0,0,0,74,58,43,0,4,334,0,11,16
"Chicago-Naperville-Elgin, IL-IN-WI","16980",2019,365,121,227,16,1,0,0,174,84,55,0,20,88,18,228,11
"Chico, CA","17020",2019,365,224,136,3,2,0,0,173,67,46,0,0,231,0,133,1
"Cincinnati, OH-KY-IN","17140",2019,365,139,206,20,0,0,0,147,90,54,0,6,151,22,183,3
"Claremont-Lebanon, NH-VT","17200",2019,365,352,13,0,0,0,0,60,44,33,0,0,311,0,54,0
"Clarksburg, WV","17220",2019,111,101,10,0,0,0,0,59,49,31,0,0,0,0,111,0
"Clarksville, TN-KY","17300",2019,365,307,58,0,0,0,0,87,54,40,0,0,266,0,99,0
"Clearlake, CA","17340",2019,360,360,0,0,0,0,0,50,41,31,0,0,356,0,3,1
"Cleveland, MS","17380",2019,364,270,94,0,0,0,0,96,62,43,0,0,138,0,226,0
"Cleveland-Elyria, OH","17460",2019,365,185,173,7,0,0,0,119,74,50,0,1,148,2,201,13
"Clinton, IA","17540",2019,364,268,96,0,0,0,0,89,61,42,0,0,155,0,209,0
"Coeur d'Alene, ID","17660",2019,355,318,37,0,0,0,0,86,51,23,0,0,0,0,355,0
"College Station-Bryan, TX","17780",2019,352,352,0,0,0,0,0,17,1,0,0,0,0,352,0,0
"Colorado Springs, CO","17820",2019,365,259,106,0,0,0,0,100,67,45,0,0,345,0,18,2
"Columbia, MO","17860",2019,245,239,6,0,0,0,0,71,46,38,0,0,245,0,0,0
"Columbia, SC","17900",2019,365,264,99,2,0,0,0,136,66,43,0,0,262,0,103,0
"Columbus, GA-AL","17980",2019,365,257,108,0,0,0,0,90,63,42,0,0,122,0,243,0
"Columbus, IN","18020",2019,364,298,66,0,0,0,0,77,54,41,0,0,268,0,96,0
"Columbus, OH","18140",2019,365,237,127,1,0,0,0,101,65,46,0,5,179,0,180,1
"Concord, NH","18180",2019,365,360,5,0,0,0,0,72,43,27,0,0,209,156,0,0
"Cookeville, TN","18260",2019,360,351,9,0,0,0,0,63,45,25,0,0,0,0,360,0
"Coos Bay, OR","18300",2019,107,106,1,0,0,0,0,58,35,19,0,0,0,0,107,0
"Corning, NY","18500",2019,365,349,16,0,0,0,0,65,47,35,0,0,292,0,73,0
"Corpus Christi, TX","18580",2019,365,262,102,1,0,0,0,107,62,42,0,0,171,1,193,0
"Corsicana, TX","18620",2019,365,275,80,7,3,0,0,193,67,41,0,2,225,67,71,0
"Corvallis, OR","18700",2019,365,332,33,0,0,0,0,85,49,17,0,0,0,0,365,0
"Crescent City, CA","18860",2019,248,236,12,0,0,0,0,71,43,20,0,0,0,0,248,0
"Crestview-Fort Walton Beach-Destin, FL","18880",2019,363,335,28,0,0,0,0,84,48,36,0,0,342,0,0,21
"Cullowhee, NC","19000",2019,103,100,3,0,0,0,0,62,45,26,0,0,0,0,103,0
"Cumberland, MD-WV","19060",2019,365,319,23,21,2,0,0,161,69,3,0,0,0,365,0,0
"Dallas-Fort Worth-Arlington, TX","19100",2019,365,181,155,28,1,0,0,156,93,51,0,11,205,0,149,0
"Dalton, GA","19140",2019,250,211,39,0,0,0,0,93,54,43,0,0,240,0,10,0
"Daphne-Fairhope-Foley, AL","19300",2019,271,237,34,0,0,0,0,80,52,37,0,0,220,0,51,0
"Davenport-Moline-Rock Island, IA-IL","19340",2019,365,217,145,3,0,0,0,115,68,46,0,0,138,0,153,74
"Dayton, OH","19380",2019,365,213,152,0,0,0,0,94,67,47,0,0,195,0,169,1
"Decatur, AL","19460",2019,365,306,59,0,0,0,0,93,54,41,0,0,195,0,170,0
"Decatur, IL","19500",2019,365,255,110,0,0,0,0,93,61,44,0,0,148,30,187,0
"Deltona-Daytona Beach-Ormond Beach, FL","19660",2019,355,321,34,0,0,0,0,80,50,37,0,0,248,0,107,0
"Deming, NM","19700",2019,361,349,10,1,0,0,1,617,29,12,0,0,0,0,0,361
"Denver-Aurora-Lakewood, CO","19740",2019,365,91,252,20,2,0,0,154,90,58,0,60,211,1,63,30
"Des Moines-West Des Moines, IA","19780",2019,365,306,59,0,0,0,0,100,55,39,0,3,246,0,116,0
"Detroit-Warren-Dearborn, MI","19820",2019,365,135,217,13,0,0,0,142,81,56,0,3,79,59,213,11
"Dickinson, ND","19860",2019,365,354,11,0,0,0,0,84,45,33,0,0,327,0,38,0
"Dodge City, KS","19980",2019,304,301,3,0,0,0,0,54,31,15,0,0,0,0,0,304
"Dothan, AL","20020",2019,280,256,24,0,0,0,0,77,50,35,0,0,208,0,72,0
"Douglas, GA","20060",2019,121,107,14,0,0,0,0,66,52,26,0,0,0,0,121,0
"Dover, DE","20100",2019,365,293,72,0,0,0,0,83,58,42,0,0,273,0,92,0
"DuBois, PA","20180",2019,359,357,2,0,0,0,0,61,44,33,0,0,359,0,0,0
"Duluth, MN-WI","20260",2019,365,326,38,1,0,0,0,101,51,35,0,0,261,0,92,12
"Durango, CO","20420",2019,365,276,89,0,0,0,0,87,61,44,0,10,326,0,29,0
"Durham-Chapel Hill, NC","20500",2019,365,275,90,0,0,0,0,92,61,44,0,0,207,6,152,0
"Dyersburg, TN","20540",2019,360,341,19,0,0,0,0,62,45,26,0,0,0,0,360,0
"Eagle Pass, TX","20580",2019,339,287,51,1,0,0,0,104,54,25,0,0,0,0,339,0
"East Stroudsburg, PA","20700",2019,349,340,9,0,0,0,0,80,45,34,0,0,349,0,0,0
"Eau Claire, WI","20740",2019,363,305,58,0,0,0,0,90,55,34,0,0,167,0,196,0
"Effingham, IL","20820",2019,245,224,21,0,0,0,0,84,50,40,0,0,245,0,0,0
"El Centro, CA","20940",2019,365,125,219,19,2,0,0,185,93,58,0,1,210,0,79,75
"El Dorado, AR","20980",2019,241,196,45,0,0,0,0,98,54,35,0,0,0,0,241,0
"El Paso, TX","21340",2019,365,147,205,11,2,0,0,157,84,53,0,21,204,0,137,3
"Elizabethtown-Fort Knox, KY","21060",2019,363,318,45,0,0,0,0,71,53,39,0,0,182,0,181,0
"Elkhart-Goshen, IN","21140",2019,365,294,71,0,0,0,0,81,55,37,0,0,231,0,134,0
"Elko, NV","21220",2019,365,363,2,0,0,0,0,61,27,14,0,0,0,0,7,358
"Ellensburg, WA","21260",2019,365,305,60,0,0,0,0,96,56,23,0,0,0,0,365,0
"Emporia, KS","21380",2019,60,55,4,1,0,0,0,113,50,22,0,0,0,0,60,0
"Enid, OK","21420",2019,345,339,6,0,0,0,0,74,13,0,0,0,0,345,0,0
"Erie, PA","21500",2019,364,322,42,0,0,0,0,93,51,36,2,7,245,0,110,0
"Espa¤ola, NM","21580",2019,358,315,43,0,0,0,0,90,54,43,0,0,354,0,4,0
"Eugene, OR","21660",2019,365,254,103,8,0,0,0,117,75,38,0,0,109,0,246,10
"Eureka-Arcata-Fortuna, CA","21700",2019,363,353,10,0,0,0,0,65,40,27,2,1,272,0,50,38
"Evanston, WY","21740",2019,365,315,49,1,0,0,0,101,58,44,0,1,360,0,0,4
"Evansville, IN-KY","21780",2019,365,244,111,10,0,0,0,120,67,45,0,0,197,46,122,0
"Fairbanks, AK","21820",2019,365,230,96,18,16,1,4,377,103,38,0,13,130,1,215,6
"Fairmont, WV","21900",2019,99,87,12,0,0,0,0,61,54,31,0,0,0,0,99,0
"Fallon, NV","21980",2019,353,323,30,0,0,0,0,80,50,41,0,0,353,0,0,0
"Fargo, ND-MN","22020",2019,363,327,34,1,1,0,0,156,50,33,0,9,264,0,88,2
"Farmington, NM","22140",2019,365,208,157,0,0,0,0,97,90,49,0,3,362,0,0,0
"Fayetteville, NC","22180",2019,363,282,81,0,0,0,0,84,58,41,0,0,206,0,153,4
"Fayetteville-Springdale-Rogers, AR-MO","22220",2019,365,267,98,0,0,0,0,96,59,44,0,0,186,0,179,0
"Fernley, NV","22280",2019,352,340,12,0,0,0,0,71,47,39,0,0,349,0,0,3
"Flagstaff, AZ","22380",2019,365,293,72,0,0,0,0,80,58,45,0,0,362,0,3,0
"Flint, MI","22420",2019,340,282,58,0,0,0,0,74,56,38,0,0,194,0,146,0
"Florence, SC","22500",2019,365,288,77,0,0,0,0,100,61,40,0,0,232,0,133,0
"Florence-Muscle Shoals, AL","22520",2019,263,252,11,0,0,0,0,61,47,37,0,0,228,0,35,0
"Fond du Lac, WI","22540",2019,202,195,7,0,0,0,0,100,47,36,0,0,202,0,0,0
"Fort Collins, CO","22660",2019,365,208,151,6,0,0,0,129,77,48,0,0,337,0,28,0
"Fort Madison-Keokuk, IA-IL-MO","22800",2019,120,101,19,0,0,0,0,70,58,29,0,0,0,0,120,0
"Fort Payne, AL","22840",2019,361,324,37,0,0,0,0,90,51,39,0,0,331,0,30,0
"Fort Smith, AR-OK","22900",2019,361,323,38,0,0,0,0,79,51,36,0,18,200,0,143,0
"Fort Wayne, IN","23060",2019,365,236,128,1,0,0,0,101,65,45,0,0,177,0,188,0
"Fresno, CA","23420",2019,365,139,160,64,2,0,0,187,115,60,0,3,259,0,80,23
"Gadsden, AL","23460",2019,279,232,47,0,0,0,0,90,58,43,0,0,218,0,61,0
"Gainesville, FL","23540",2019,364,329,35,0,0,0,0,80,50,35,0,0,273,0,91,0
"Gainesville, GA","23580",2019,340,259,81,0,0,0,0,88,57,37,0,0,0,0,340,0
"Gardnerville Ranchos, NV","23820",2019,356,346,10,0,0,0,0,62,40,13,0,0,0,0,356,0
"Georgetown, SC","23860",2019,92,91,1,0,0,0,0,52,25,14,0,0,0,0,0,92
"Gettysburg, PA","23900",2019,365,288,77,0,0,0,0,85,59,42,0,0,266,0,99,0
"Gillette, WY","23940",2019,365,309,55,1,0,0,0,111,56,40,0,1,228,0,5,131
"Glenwood Springs, CO","24060",2019,365,309,56,0,0,0,0,97,54,44,0,0,362,0,2,1
"Grand Island, NE","24260",2019,97,92,5,0,0,0,0,60,38,19,0,0,0,0,97,0
"Grand Junction, CO","24300",2019,364,289,75,0,0,0,0,87,58,44,2,0,309,0,51,2
"Grand Rapids-Wyoming, MI","24340",2019,365,298,67,0,0,0,0,100,58,38,0,9,255,0,96,5
"Grants Pass, OR","24420",2019,365,283,77,3,2,0,0,169,64,26,0,0,0,0,365,0
"Great Falls, MT","24500",2019,363,350,12,1,0,0,0,106,38,21,0,0,0,0,363,0
"Greeley, CO","24540",2019,365,252,110,3,0,0,0,125,69,45,0,0,236,0,129,0
"Green Bay, WI","24580",2019,365,311,54,0,0,0,0,97,53,36,0,0,186,4,175,0
"Greenfield Town, MA","24640",2019,364,326,38,0,0,0,0,87,51,37,0,0,251,0,113,0
"Greensboro-High Point, NC","24660",2019,365,291,74,0,0,0,0,90,64,43,0,0,232,0,107,26
"Greenville, NC","24780",2019,352,308,44,0,0,0,0,87,52,38,0,0,208,0,144,0
"Greenville-Anderson-Mauldin, SC","24860",2019,365,222,141,2,0,0,0,108,77,46,0,3,260,0,102,0
"Guayama, PR","25020",2019,224,220,4,0,0,0,0,96,12,0,0,0,0,196,28,0
"Gulfport-Biloxi-Pascagoula, MS","25060",2019,365,264,100,1,0,0,0,105,61,42,0,0,148,0,217,0
"Hagerstown-Martinsburg, MD-WV","25180",2019,362,306,54,2,0,0,0,127,57,40,0,0,210,0,152,0
"Hailey, ID","25200",2019,314,313,1,0,0,0,0,51,25,15,0,0,0,0,314,0
"Hammond, LA","25220",2019,117,104,13,0,0,0,0,64,52,30,0,0,0,0,117,0
"Hanford-Corcoran, CA","25260",2019,365,152,172,37,2,0,2,507,105,56,0,0,190,0,103,72
"Harrisburg-Carlisle, PA","25420",2019,365,252,107,5,1,0,0,158,68,44,0,0,170,0,195,0
"Harrison, AR","25460",2019,365,347,18,0,0,0,0,90,47,36,0,0,361,0,4,0
"Harrisonburg, VA","25500",2019,365,349,16,0,0,0,0,65,48,36,0,94,227,0,44,0
"Hartford-West Hartford-East Hartford, CT","25540",2019,365,291,66,7,1,0,0,154,61,41,0,25,250,0,89,1
"Hattiesburg, MS","25620",2019,358,298,60,0,0,0,0,75,55,35,0,0,0,0,358,0
"Helena, MT","25740",2019,365,288,75,2,0,0,0,144,64,40,0,0,252,0,113,0
"Hermiston-Pendleton, OR","25840",2019,365,296,68,1,0,0,0,104,58,37,0,0,150,0,215,0
"Hickory-Lenoir-Morganton, NC","25860",2019,365,275,90,0,0,0,0,80,58,43,0,0,182,0,182,1
"Hilo, HI","25900",2019,365,357,8,0,0,0,0,79,29,16,0,0,0,52,313,0
"Hobbs, NM","26020",2019,365,252,109,4,0,0,0,140,71,45,0,4,309,0,52,0
"Holland, MI","26090",2019,276,227,45,4,0,0,0,115,61,38,0,0,241,0,35,0
"Homosassa Springs, FL","26140",2019,365,337,28,0,0,0,0,80,48,30,0,0,0,12,353,0
"Hot Springs, AR","26300",2019,121,93,28,0,0,0,0,75,54,38,0,0,0,0,121,0
"Houghton, MI","26340",2019,59,59,0,0,0,0,0,25,15,8,0,0,0,0,59,0
"Houma-Thibodaux, LA","26380",2019,361,272,87,2,0,0,0,126,58,41,0,0,152,0,209,0
"Houston-The Woodlands-Sugar Land, TX","26420",2019,365,171,163,26,4,1,0,202,97,52,0,16,172,2,172,3
"Huntington, IN","26540",2019,355,345,10,0,0,0,0,84,44,31,0,0,355,0,0,0
"Huntington-Ashland, WV-KY-OH","26580",2019,365,299,66,0,0,0,0,77,54,42,0,4,188,0,172,1
"Huntsville, AL","26620",2019,361,255,106,0,0,0,0,93,58,44,0,0,155,0,199,7
"Idaho Falls, ID","26820",2019,365,337,28,0,0,0,0,71,50,42,0,0,309,0,56,0
"Indiana, PA","26860",2019,364,337,27,0,0,0,0,93,49,38,0,0,348,16,0,0
"Indianapolis-Carmel-Anderson, IN","26900",2019,365,148,212,5,0,0,0,119,74,54,0,0,125,4,236,0
"Iowa City, IA","26980",2019,364,278,86,0,0,0,0,91,60,35,0,0,0,0,364,0
"Ithaca, NY","27060",2019,365,358,7,0,0,0,0,61,45,34,0,0,353,12,0,0
"Jackson, MS","27140",2019,365,256,109,0,0,0,0,100,63,44,0,0,143,0,222,0
"Jackson, TN","27180",2019,362,330,32,0,0,0,0,60,49,27,0,0,0,0,362,0
"Jackson, WY-ID","27220",2019,365,326,39,0,0,0,0,87,51,43,0,0,359,0,4,2
"Jacksonville, FL","27260",2019,365,245,119,1,0,0,0,114,66,43,0,0,176,10,179,0
"Jamestown-Dunkirk-Fredonia, NY","27460",2019,365,337,27,1,0,0,0,105,49,37,0,0,320,22,23,0
"Janesville-Beloit, WI","27500",2019,203,185,18,0,0,0,0,77,50,38,0,0,203,0,0,0
"Jasper, IN","27540",2019,272,254,18,0,0,0,0,70,46,6,0,0,0,153,118,1
"Jefferson City, MO","27620",2019,245,238,7,0,0,0,0,71,47,39,0,0,245,0,0,0
"Johnstown, PA","27780",2019,365,296,69,0,0,0,0,88,57,39,2,4,189,0,170,0
"Jonesboro, AR","27860",2019,49,43,6,0,0,0,0,61,53,30,0,0,0,0,49,0
"Joplin, MO","27900",2019,365,324,40,1,0,0,0,108,51,37,0,0,220,0,0,145
"Juneau, AK","27940",2019,362,308,51,3,0,0,0,145,55,20,0,0,0,0,335,27
"Kahului-Wailuku-Lahaina, HI","27980",2019,362,347,11,3,1,0,0,166,30,15,0,0,0,0,362,0
"Kalamazoo-Portage, MI","28020",2019,362,312,50,0,0,0,0,85,54,38,0,0,200,0,162,0
"Kalispell, MT","28060",2019,365,302,62,1,0,0,0,103,58,37,0,0,234,0,102,29
"Kansas City, MO-KS","28140",2019,365,210,154,1,0,0,0,137,71,47,0,9,176,0,166,14
"Kapaa, HI","28180",2019,365,363,2,0,0,0,0,71,27,13,0,144,0,3,218,0
"Keene, NH","28300",2019,365,348,17,0,0,0,0,79,45,34,0,0,303,0,62,0
"Kennewick-Richland, WA","28420",2019,365,303,62,0,0,0,0,80,55,37,0,0,158,0,192,15
"Killeen-Temple, TX","28660",2019,365,284,79,2,0,0,0,105,58,42,0,1,265,0,99,0
"Kingsport-Bristol-Bristol, TN-VA","28700",2019,365,236,108,21,0,0,0,121,77,45,0,0,158,127,80,0
"Kingsville, TX","28780",2019,284,234,50,0,0,0,0,87,56,30,0,0,0,0,284,0
"Kinston, NC","28820",2019,237,205,32,0,0,0,0,87,54,42,0,0,237,0,0,0
"Klamath Falls, OR","28900",2019,365,261,98,6,0,0,0,126,75,29,0,0,0,0,361,4
"Knoxville, TN","28940",2019,365,227,135,3,0,0,0,105,68,46,0,0,248,0,117,0
"Kokomo, IN","29020",2019,361,289,71,1,0,0,0,108,58,40,0,0,238,0,123,0
"La Crosse-Onalaska, WI-MN","29100",2019,365,310,55,0,0,0,0,83,57,35,0,0,186,0,179,0
"La Grande, OR","29260",2019,365,344,21,0,0,0,0,86,43,20,0,0,0,0,362,3
"Laconia, NH","29060",2019,316,308,8,0,0,0,0,74,44,31,0,0,181,0,135,0
"Lafayette, LA","29180",2019,365,280,85,0,0,0,0,84,57,41,0,0,213,0,152,0
"Lafayette-West Lafayette, IN","29200",2019,365,276,89,0,0,0,0,84,59,42,0,0,212,0,153,0
"Lake Charles, LA","29340",2019,365,239,126,0,0,0,0,90,63,45,0,1,133,4,227,0
"Lake City, FL","29380",2019,363,294,69,0,0,0,0,90,58,38,0,0,207,0,156,0
"Lake Havasu City-Kingman, AZ","29420",2019,364,357,7,0,0,0,0,69,27,13,0,0,0,0,11,353
"Lakeland-Winter Haven, FL","29460",2019,365,314,51,0,0,0,0,100,54,36,0,0,248,2,115,0
"Lancaster, PA","29540",2019,365,238,117,9,1,0,0,157,72,45,0,0,198,0,167,0
"Lansing-East Lansing, MI","29620",2019,365,330,35,0,0,0,0,75,50,36,0,7,239,0,119,0
"Laramie, WY","29660",2019,365,247,118,0,0,0,0,90,61,47,0,0,328,0,2,35
"Laredo, TX","29700",2019,365,258,106,1,0,0,0,109,67,41,0,0,138,0,225,2
"Las Cruces, NM","29740",2019,365,170,171,17,3,2,2,630,87,51,0,8,263,0,23,71
"Las Vegas-Henderson-Paradise, NV","29820",2019,365,154,206,5,0,0,0,122,87,54,1,20,252,0,84,8
"Lawrenceburg, TN","29980",2019,330,306,24,0,0,0,0,62,47,27,0,0,0,0,330,0
"Lawton, OK","30020",2019,365,285,80,0,0,0,0,97,62,43,0,0,224,0,141,0
"Lebanon, PA","30140",2019,360,278,78,4,0,0,0,142,62,42,0,0,219,0,141,0
"Lewiston, ID-WA","30300",2019,365,291,73,1,0,0,0,125,62,29,0,0,0,0,365,0
"Lewiston-Auburn, ME","30340",2019,361,345,16,0,0,0,0,72,44,31,0,0,199,0,159,3
"Lexington-Fayette, KY","30460",2019,365,303,62,0,0,0,0,80,55,42,0,10,193,0,162,0
"Lima, OH","30620",2019,364,303,61,0,0,0,0,97,56,39,0,0,214,32,118,0
"Lincoln, NE","30700",2019,360,338,22,0,0,0,0,66,46,31,0,0,229,76,55,0
"Little Rock-North Little Rock-Conway, AR","30780",2019,365,235,130,0,0,0,0,79,61,45,0,2,146,0,217,0
"Logan, UT-ID","30860",2019,365,272,79,14,0,0,0,147,67,44,0,1,288,0,76,0
"Longview, TX","30980",2019,365,289,67,9,0,0,0,129,65,37,0,2,274,89,0,0
"Longview, WA","31020",2019,360,338,22,0,0,0,0,76,45,18,0,0,0,0,360,0
"Los Alamos, NM","31060",2019,57,57,0,0,0,0,0,32,15,8,0,0,0,0,57,0
"Los Angeles-Long Beach-Anaheim, CA","31080",2019,365,66,208,62,28,1,0,201,140,72,0,33,205,0,118,9
"Louisville/Jefferson County, KY-IN","31140",2019,365,195,166,4,0,0,0,136,71,49,0,10,167,0,188,0
"Lubbock, TX","31180",2019,330,316,13,1,0,0,0,103,42,25,0,0,0,0,330,0
"Ludington, MI","31220",2019,254,244,10,0,0,0,0,64,46,35,0,0,254,0,0,0
"Lynchburg, VA","31340",2019,108,107,1,0,0,0,0,55,43,26,0,0,0,0,108,0
"Macon, GA","31420",2019,365,278,84,3,0,0,0,137,61,38,0,0,158,3,204,0
"Madera, CA","31460",2019,365,189,163,13,0,0,0,140,84,50,0,0,260,0,66,39
"Madison, WI","31540",2019,365,285,80,0,0,0,0,93,61,39,0,0,166,0,199,0
"Malone, NY","31660",2019,356,356,0,0,0,0,0,1,0,0,0,0,0,356,0,0
"Manchester-Nashua, NH","31700",2019,365,353,12,0,0,0,0,80,46,37,0,0,356,0,9,0
"Manitowoc, WI","31820",2019,202,187,15,0,0,0,0,100,48,36,0,0,202,0,0,0
"Marietta, OH","31930",2019,245,219,26,0,0,0,0,87,51,41,0,0,245,0,0,0
"Marshall, MN","32140",2019,362,327,35,0,0,0,0,85,49,32,0,0,204,0,158,0
"Marshall, TX","32220",2019,364,296,67,1,0,0,0,113,54,38,0,0,202,35,127,0
"Mason City, IA","32380",2019,118,118,0,0,0,0,0,38,27,15,0,0,0,0,0,118
"Mayaguez, PR","32420",2019,202,160,42,0,0,0,0,85,58,25,0,0,8,0,194,0
"McAlester, OK","32540",2019,365,272,91,2,0,0,0,105,59,43,0,0,238,0,127,0
"McAllen-Edinburg-Mission, TX","32580",2019,365,243,120,2,0,0,0,106,66,42,0,0,132,0,232,1
"Medford, OR","32780",2019,365,295,63,3,4,0,0,180,61,36,0,0,141,0,224,0
"Memphis, TN-MS-AR","32820",2019,365,221,139,5,0,0,0,148,67,45,0,9,186,0,170,0
"Merced, CA","32900",2019,365,213,145,7,0,0,0,119,79,48,0,0,250,0,113,2
"Meridian, MS","32940",2019,245,229,16,0,0,0,0,77,49,36,0,0,245,0,0,0
"Miami, OK","33060",2019,363,289,73,1,0,0,0,104,57,38,0,0,80,0,251,32
"Miami-Fort Lauderdale-West Palm Beach, FL","33100",2019,363,284,77,2,0,0,0,146,56,41,2,13,136,0,211,1
"Michigan City-La Porte, IN","33140",2019,364,305,55,4,0,0,0,126,61,37,0,0,331,0,33,0
"Middlesborough, KY","33180",2019,263,243,20,0,0,0,0,77,49,39,0,0,234,0,29,0
"Milwaukee-Waukesha-West Allis, WI","33340",2019,365,254,108,3,0,0,0,115,65,44,0,10,189,0,158,8
"Minneapolis-St. Paul-Bloomington, MN-WI","33460",2019,365,214,148,2,1,0,0,200,68,46,0,5,114,4,157,85
"Minot, ND","33500",2019,364,347,17,0,0,0,0,87,44,29,0,7,262,0,91,4
"Missoula, MT","33540",2019,365,224,137,3,1,0,0,152,76,40,0,0,2,0,362,1
"Mobile, AL","33660",2019,364,258,106,0,0,0,0,80,60,42,0,0,105,16,243,0
"Modesto, CA","33700",2019,365,201,141,22,1,0,0,177,91,49,0,0,245,0,107,13
"Monroe, LA","33740",2019,363,335,28,0,0,0,0,71,49,34,0,0,321,0,42,0
"Monroe, MI","33780",2019,359,355,4,0,0,0,0,76,16,1,0,0,0,299,0,60
"Montgomery, AL","33860",2019,365,171,193,1,0,0,0,122,67,52,0,0,56,0,308,1
"Morehead City, NC","33980",2019,259,239,20,0,0,0,0,80,50,37,0,0,259,0,0,0
"Morgantown, WV","34060",2019,364,337,27,0,0,0,0,74,49,36,0,0,226,87,51,0
"Morristown, TN","34100",2019,234,197,37,0,0,0,0,93,58,44,0,0,234,0,0,0
"Moscow, ID","34140",2019,350,350,0,0,0,0,0,48,26,10,0,0,0,0,350,0
"Moses Lake, WA","34180",2019,365,339,26,0,0,0,0,67,45,18,0,0,0,0,365,0
"Mount Pleasant, TX","34420",2019,348,346,2,0,0,0,0,54,11,0,0,0,0,348,0,0
"Mount Vernon, IL","34500",2019,344,269,74,1,0,0,0,105,58,43,0,0,198,0,146,0
"Mount Vernon, OH","34540",2019,245,218,27,0,0,0,0,93,51,41,0,0,245,0,0,0
"Mount Vernon-Anacortes, WA","34580",2019,365,361,4,0,0,0,0,54,36,24,0,0,97,0,268,0
"Muncie, IN","34620",2019,352,319,33,0,0,0,0,71,49,35,0,0,303,0,49,0
"Muscatine, IA","34700",2019,365,300,65,0,0,0,0,92,57,32,0,0,0,10,354,1
"Muskegon, MI","34740",2019,262,236,25,1,0,0,0,133,50,38,0,0,262,0,0,0
"Muskogee, OK","34780",2019,286,269,15,1,1,0,0,169,35,5,0,0,0,152,0,134
"Myrtle Beach-Conway-North Myrtle Beach, SC-NC","34820",2019,356,278,76,2,0,0,0,119,67,37,0,0,235,121,0,0
"Napa, CA","34900",2019,363,330,31,2,0,0,0,119,49,35,2,0,265,0,96,0
"Naples-Immokalee-Marco Island, FL","34940",2019,362,331,31,0,0,0,0,90,50,34,0,0,197,0,165,0
"Nashville-Davidson--Murfreesboro--Franklin, TN","34980",2019,365,229,135,1,0,0,0,101,64,45,0,25,148,0,192,0
"New Castle, IN","35220",2019,119,106,13,0,0,0,0,63,52,28,0,0,0,0,119,0
"New Castle, PA","35260",2019,361,356,5,0,0,0,0,74,43,31,0,0,361,0,0,0
"New Haven-Milford, CT","35300",2019,365,280,71,12,2,0,0,159,67,41,0,15,247,0,99,4
"New Orleans-Metairie, LA","35380",2019,365,229,134,2,0,0,0,112,71,45,0,3,167,32,162,1
"New York-Newark-Jersey City, NY-NJ-PA","35620",2019,365,169,180,16,0,0,0,150,87,51,0,64,143,0,158,0
"Niles-Benton Harbor, MI","35660",2019,260,232,26,2,0,0,0,112,51,39,0,0,260,0,0,0
"Nogales, AZ","35700",2019,362,280,80,2,0,0,0,120,63,31,0,0,0,0,242,120
"North Port-Sarasota-Bradenton, FL","35840",2019,365,310,53,2,0,0,0,108,56,39,0,0,260,0,105,0
"Norwich-New London, CT","35980",2019,364,323,34,7,0,0,0,129,52,37,0,0,200,0,164,0
"Ocala, FL","36100",2019,365,311,54,0,0,0,0,87,54,38,0,0,236,0,129,0
"Odessa, TX","36220",2019,354,319,35,0,0,0,0,80,50,28,0,0,0,0,354,0
"Ogden-Clearfield, UT","36260",2019,365,244,113,8,0,0,0,121,77,45,0,31,275,0,59,0
"Ogdensburg-Massena, NY","36300",2019,365,279,76,10,0,0,0,105,80,17,0,0,0,365,0,0
"Oklahoma City, OK","36420",2019,365,204,159,2,0,0,0,119,73,48,0,4,193,0,167,1
"Olympia-Tumwater, WA","36500",2019,365,323,42,0,0,0,0,71,52,30,0,0,150,0,215,0
"Omaha-Council Bluffs, NE-IA","36540",2019,365,283,82,0,0,0,0,97,59,40,0,0,191,12,149,13
"Orlando-Kissimmee-Sanford, FL","36740",2019,365,296,63,6,0,0,0,122,58,39,0,0,294,0,71,0
"Othello, WA","36830",2019,360,354,6,0,0,0,0,88,31,13,0,0,0,0,360,0
"Ottawa-Peru, IL","36860",2019,335,334,1,0,0,0,0,60,4,0,0,0,0,335,0,0
"Owensboro, KY","36980",2019,364,276,87,1,0,0,0,101,61,43,0,1,204,4,155,0
"Oxford, NC","37080",2019,240,195,45,0,0,0,0,87,64,44,0,0,240,0,0,0
"Oxnard-Thousand Oaks-Ventura, CA","37100",2019,365,214,142,9,0,0,0,126,77,46,0,5,284,0,65,11
"Paducah, KY-IL","37140",2019,364,261,103,0,0,0,0,97,60,44,0,2,168,0,193,1
"Pahrump, NV","37220",2019,365,352,12,1,0,0,0,146,31,15,0,0,0,0,0,365
"Palatka, FL","37260",2019,352,347,5,0,0,0,0,54,29,17,0,0,0,6,0,346
"Palm Bay-Melbourne-Titusville, FL","37340",2019,351,336,15,0,0,0,0,90,46,36,0,0,306,0,45,0
"Panama City, FL","37460",2019,357,308,49,0,0,0,0,85,54,38,0,0,235,0,122,0
"Parkersburg-Vienna, WV","37620",2019,364,333,31,0,0,0,0,87,49,35,0,0,226,88,50,0
"Payson, AZ","37740",2019,365,145,164,50,6,0,0,187,110,60,0,0,254,104,0,7
"Pensacola-Ferry Pass-Brent, FL","37860",2019,365,279,85,1,0,0,0,101,62,41,0,0,235,0,130,0
"Peoria, IL","37900",2019,365,285,78,2,0,0,0,101,58,41,0,0,203,2,160,0
"Philadelphia-Camden-Wilmington, PA-NJ-DE-MD","37980",2019,365,180,169,16,0,0,0,150,82,51,0,13,183,0,169,0
"Phoenix-Mesa-Scottsdale, AZ","38060",2019,365,50,261,42,2,3,7,886,107,74,0,3,169,0,72,121
"Pierre, SD","38180",2019,356,350,6,0,0,0,0,65,28,11,0,0,0,0,356,0
"Pittsburgh, PA","38300",2019,365,129,220,12,4,0,0,161,85,56,0,0,107,23,235,0
"Pittsfield, MA","38340",2019,364,320,44,0,0,0,0,87,52,37,0,0,247,0,117,0
"Platteville, WI","38420",2019,365,304,60,1,0,0,0,104,57,29,0,0,0,0,365,0
"Pocatello, ID","38540",2019,365,344,21,0,0,0,0,96,46,27,0,0,0,155,137,73
"Point Pleasant, WV-OH","38580",2019,365,334,27,4,0,0,0,117,47,9,0,0,0,365,0,0
"Ponca City, OK","38620",2019,365,292,72,1,0,0,0,106,57,40,0,0,139,4,222,0
"Ponce, PR","38660",2019,351,247,98,6,0,0,0,136,65,35,9,0,0,0,247,95
"Port Angeles, WA","38820",2019,365,341,24,0,0,0,0,70,49,34,0,0,238,0,127,0
"Port St. Lucie, FL","38940",2019,353,324,29,0,0,0,0,84,49,36,0,0,257,0,96,0
"Portland-South Portland, ME","38860",2019,365,308,56,1,0,0,0,115,54,40,0,0,192,0,169,4
"Portland-Vancouver-Hillsboro, OR-WA","38900",2019,365,285,77,3,0,0,0,128,64,38,0,8,206,0,151,0
"Portsmouth, OH","39020",2019,365,356,9,0,0,0,0,78,37,14,0,0,0,52,103,210
"Prescott, AZ","39140",2019,356,298,58,0,0,0,0,87,54,43,0,0,356,0,0,0
"Price, UT","39220",2019,365,265,99,1,0,0,0,108,64,46,0,4,361,0,0,0
"Prineville, OR","39260",2019,365,296,68,1,0,0,0,103,59,23,0,0,0,0,365,0
"Providence-Warwick, RI-MA","39300",2019,365,289,74,2,0,0,0,126,59,44,0,8,258,0,98,1
"Provo-Orem, UT","39340",2019,365,253,111,1,0,0,0,107,67,46,0,7,297,0,59,2
"Pueblo, CO","39380",2019,126,125,1,0,0,0,0,68,31,20,0,0,0,0,75,51
"Pullman, WA","39420",2019,365,354,11,0,0,0,0,67,38,18,0,0,0,0,365,0
"Quincy, IL-MO","39500",2019,241,208,33,0,0,0,0,93,54,41,0,0,241,0,0,0
"Racine, WI","39540",2019,203,174,28,1,0,0,0,115,58,39,0,0,203,0,0,0
"Raleigh, NC","39580",2019,365,239,126,0,0,0,0,93,61,46,1,1,171,0,192,0
"Rapid City, SD","39660",2019,365,274,87,4,0,0,0,117,61,44,0,1,239,0,22,103
"Reading, PA","39740",2019,365,279,80,5,1,0,0,165,63,42,0,0,242,0,123,0
"Red Bluff, CA","39780",2019,365,282,83,0,0,0,0,93,64,41,0,0,323,0,41,1
"Red Wing, MN","39860",2019,216,203,13,0,0,0,0,97,48,37,0,0,216,0,0,0
"Redding, CA","39820",2019,364,311,53,0,0,0,0,100,54,42,0,0,352,0,10,2
"Reno, NV","39900",2019,365,244,121,0,0,0,0,97,64,46,0,4,294,0,62,5
"Richmond, VA","40060",2019,365,272,93,0,0,0,0,100,61,44,0,16,246,0,103,0
"Riverside-San Bernardino-Ontario, CA","40140",2019,365,42,178,79,58,8,0,213,169,89,0,11,228,0,89,37
"Riverton, WY","40180",2019,365,294,69,2,0,0,0,148,61,45,0,0,321,22,22,0
"Roanoke Rapids, NC","40260",2019,153,138,15,0,0,0,0,71,49,32,0,11,0,0,142,0
"Roanoke, VA","40220",2019,365,326,39,0,0,0,0,71,51,38,0,50,200,10,105,0
"Rochester, MN","40340",2019,364,313,51,0,0,0,0,84,55,36,0,0,195,0,169,0
"Rochester, NY","40380",2019,365,317,48,0,0,0,0,90,53,37,0,3,253,0,109,0
"Rock Springs, WY","40540",2019,365,262,100,3,0,0,0,133,64,46,0,4,321,0,5,35
"Rockford, IL","40420",2019,341,240,100,1,0,0,0,102,61,42,0,0,147,0,194,0
"Rockland, ME","40500",2019,213,204,9,0,0,0,0,84,47,36,0,0,213,0,0,0
"Rocky Mount, NC","40580",2019,363,325,38,0,0,0,0,71,51,36,0,0,200,0,163,0
"Rome, GA","40660",2019,365,217,148,0,0,0,0,89,62,44,0,0,0,5,360,0
"Roseburg, OR","40700",2019,347,288,59,0,0,0,0,80,59,24,0,0,0,0,347,0
"Roswell, NM","40740",2019,59,59,0,0,0,0,0,48,26,15,0,0,0,0,59,0
"Ruidoso, NM","40760",2019,50,50,0,0,0,0,0,31,21,10,0,0,0,0,50,0
"Rutland, VT","40860",2019,365,322,43,0,0,0,0,88,53,36,0,1,237,0,126,1
"Sacramento--Roseville--Arden-Arcade, CA","40900",2019,365,171,173,21,0,0,0,140,90,52,0,1,261,0,98,5
"Salem, OH","41400",2019,350,350,0,0,0,0,0,26,11,1,0,0,0,288,0,62
"Salem, OR","41420",2019,356,302,54,0,0,0,0,92,59,32,0,0,138,0,218,0
"Salinas, CA","41500",2019,365,330,34,1,0,0,0,144,50,37,2,0,288,0,61,14
"Salisbury, MD-DE","41540",2019,365,299,66,0,0,0,0,93,58,42,0,0,279,0,86,0
"Salt Lake City, UT","41620",2019,365,170,178,17,0,0,0,136,87,51,0,32,246,0,82,5
"San Antonio-New Braunfels, TX","41700",2019,365,196,163,5,1,0,0,169,71,49,0,3,161,0,200,1
"San Diego-Carlsbad, CA","41740",2019,365,87,253,23,2,0,0,169,93,64,0,2,176,0,184,3
"San Francisco-Oakland-Hayward, CA","41860",2019,365,252,101,10,2,0,0,200,67,43,0,24,188,3,150,0
"San Jose-Sunnyvale-Santa Clara, CA","41940",2019,365,263,98,4,0,0,0,136,67,43,0,2,236,0,123,4
"San Juan-Carolina-Caguas, PR","41980",2019,365,210,136,18,1,0,0,159,91,39,20,71,14,10,230,20
"San Luis Obispo-Paso Robles-Arroyo Grande, CA","42020",2019,365,230,132,3,0,0,0,108,74,46,0,0,282,0,45,38
"Sandpoint, ID","41760",2019,365,316,48,1,0,0,0,115,55,21,0,0,0,0,272,93
"Santa Cruz-Watsonville, CA","42100",2019,365,347,18,0,0,0,0,70,46,35,0,0,262,0,103,0
"Santa Fe, NM","42140",2019,362,274,87,1,0,0,0,101,67,44,0,0,352,0,10,0
"Santa Maria-Santa Barbara, CA","42200",2019,365,286,78,1,0,0,0,105,59,43,0,0,295,0,57,13
"Santa Rosa, CA","42220",2019,365,346,18,0,1,0,0,154,45,34,0,3,265,0,90,7
"Sault Ste. Marie, MI","42300",2019,58,53,5,0,0,0,0,62,49,32,0,0,0,0,58,0
"Savannah, GA","42340",2019,365,295,70,0,0,0,0,87,56,39,0,0,146,58,161,0
"Sayre, PA","42380",2019,352,314,38,0,0,0,0,75,52,36,0,0,242,0,110,0
"Scottsbluff, NE","42420",2019,113,110,3,0,0,0,0,70,34,19,0,0,0,0,113,0
"Scranton--Wilkes-Barre--Hazleton, PA","42540",2019,365,329,36,0,0,0,0,85,50,38,0,20,292,1,52,0
"Seattle-Tacoma-Bellevue, WA","42660",2019,365,236,127,2,0,0,0,142,73,45,0,31,158,0,176,0
"Sebastian-Vero Beach, FL","42680",2019,335,324,11,0,0,0,0,90,47,36,0,0,335,0,0,0
"Sebring, FL","42700",2019,233,224,9,0,0,0,0,84,46,36,0,0,233,0,0,0
"Seneca Falls, NY","42900",2019,360,360,0,0,0,0,0,6,1,0,0,0,0,360,0,0
"Seneca, SC","42860",2019,365,308,56,1,0,0,0,105,54,41,0,0,272,50,43,0
"Sevierville, TN","42940",2019,364,287,77,0,0,0,0,90,61,44,0,0,364,0,0,0
"Seymour, IN","42980",2019,360,340,20,0,0,0,0,80,47,35,0,0,360,0,0,0
"Sheboygan, WI","43100",2019,206,180,24,2,0,0,0,108,61,38,0,0,206,0,0,0
"Shelton, WA","43220",2019,361,339,22,0,0,0,0,71,43,21,0,0,0,0,361,0
"Sheridan, WY","43260",2019,365,325,40,0,0,0,0,90,51,39,0,0,305,0,32,28
"Show Low, AZ","43320",2019,365,294,70,1,0,0,0,112,58,44,0,0,357,0,0,8
"Shreveport-Bossier City, LA","43340",2019,365,291,74,0,0,0,0,84,57,39,0,0,242,0,122,1
"Sierra Vista-Douglas, AZ","43420",2019,365,266,99,0,0,0,0,97,64,45,0,0,327,0,13,25
"Sioux City, IA-NE-SD","43580",2019,364,322,42,0,0,0,0,97,51,35,0,2,257,0,95,10
"Sioux Falls, SD","43620",2019,365,321,43,1,0,0,0,105,52,36,0,9,307,0,47,2
"Somerset, KY","43700",2019,282,267,15,0,0,0,0,63,49,40,0,0,223,0,59,0
"Somerset, PA","43740",2019,359,340,19,0,0,0,0,80,48,36,0,0,359,0,0,0
"Sonora, CA","43760",2019,358,273,83,2,0,0,0,108,67,43,0,0,358,0,0,0
"South Bend-Mishawaka, IN-MI","43780",2019,365,275,90,0,0,0,0,100,64,42,0,1,230,0,134,0
"Spartanburg, SC","43900",2019,357,249,106,2,0,0,0,105,65,44,0,0,221,0,136,0
"Spokane-Spokane Valley, WA","44060",2019,365,252,111,2,0,0,0,146,68,43,0,0,140,0,196,29
"Springfield, IL","44100",2019,360,287,73,0,0,0,0,87,58,40,0,0,183,0,177,0
"Springfield, MA","44140",2019,364,305,59,0,0,0,0,93,54,40,0,5,239,0,120,0
"Springfield, MO","44180",2019,365,322,43,0,0,0,0,77,51,39,0,0,197,0,154,14
"Springfield, OH","44220",2019,365,220,143,2,0,0,0,105,64,45,0,0,157,3,205,0
"St. Cloud, MN","41060",2019,344,313,31,0,0,0,0,93,49,32,0,0,211,0,133,0
"St. George, UT","41100",2019,365,291,74,0,0,0,0,93,61,44,0,0,355,0,10,0
"St. Joseph, MO-KS","41140",2019,365,283,82,0,0,0,0,82,58,43,0,0,166,0,168,31
"St. Louis, MO-IL","41180",2019,365,134,221,8,2,0,0,156,80,54,0,4,131,6,213,11
"St. Marys, PA","41260",2019,357,345,12,0,0,0,0,80,46,35,0,0,357,0,0,0
"State College, PA","44300",2019,365,267,98,0,0,0,0,99,62,44,0,0,203,0,162,0
"Steamboat Springs, CO","44460",2019,356,353,2,1,0,0,0,137,27,13,0,0,0,0,0,356
"Stockton-Lodi, CA","44700",2019,365,229,123,12,1,0,0,190,81,45,0,3,233,0,113,16
"Summerville, GA","44900",2019,244,231,13,0,0,0,0,71,48,40,0,0,244,0,0,0
"Syracuse, NY","45060",2019,365,337,28,0,0,0,0,77,49,37,0,0,296,0,69,0
"Tallahassee, FL","45220",2019,365,272,92,1,0,0,0,119,60,40,0,0,174,0,191,0
"Tampa-St. Petersburg-Clearwater, FL","45300",2019,365,267,92,6,0,0,0,132,69,43,0,0,213,4,144,4
"Taos, NM","45340",2019,358,334,24,0,0,0,0,70,42,15,0,0,0,0,358,0
"Terre Haute, IN","45460",2019,365,237,127,1,0,0,0,102,64,45,0,0,181,0,184,0
"Texarkana, TX-AR","45500",2019,349,254,94,1,0,0,0,109,58,39,0,0,0,0,349,0
"The Dalles, OR","45520",2019,350,298,52,0,0,0,0,88,57,23,0,0,0,0,350,0
"Toledo, OH","45780",2019,365,291,73,1,0,0,0,143,61,40,0,0,201,15,149,0
"Topeka, KS","45820",2019,365,294,70,0,1,0,0,158,58,41,0,0,191,0,174,0
"Torrington, CT","45860",2019,365,342,23,0,0,0,0,97,48,37,0,0,339,0,26,0
"Traverse City, MI","45900",2019,247,232,15,0,0,0,0,93,46,36,0,0,247,0,0,0
"Trenton, NJ","45940",2019,365,280,83,2,0,0,0,136,61,41,0,0,266,0,99,0
"Truckee-Grass Valley, CA","46020",2019,361,273,83,5,0,0,0,122,71,44,0,0,326,0,35,0
"Tucson, AZ","46060",2019,365,225,138,2,0,0,0,103,71,47,0,1,261,0,20,83
"Tulsa, OK","46140",2019,365,249,114,2,0,0,0,105,67,45,0,0,238,0,127,0
"Tupelo, MS","46180",2019,241,222,19,0,0,0,0,84,49,39,0,0,241,0,0,0
"Tuscaloosa, AL","46220",2019,264,240,24,0,0,0,0,87,50,35,0,0,188,0,76,0
"Twin Falls, ID","46300",2019,365,361,4,0,0,0,0,71,35,20,0,0,0,0,365,0
"Tyler, TX","46340",2019,364,326,37,1,0,0,0,133,51,36,0,4,360,0,0,0
"Ukiah, CA","46380",2019,361,334,27,0,0,0,0,77,47,33,0,0,229,0,120,12
"Urban Honolulu, HI","46520",2019,365,339,26,0,0,0,0,94,46,29,1,3,262,65,33,1
"Utica-Rome, NY","46540",2019,359,349,10,0,0,0,0,60,39,27,0,0,169,1,189,0
"Valdosta, GA","46660",2019,309,255,54,0,0,0,0,68,55,35,0,0,0,0,309,0
"Vallejo-Fairfield, CA","46700",2019,365,290,74,1,0,0,0,119,59,40,0,2,224,0,139,0
"Vernal, UT","46860",2019,365,223,125,12,4,1,0,205,77,49,0,0,343,0,22,0
"Victoria, TX","47020",2019,341,319,22,0,0,0,0,87,48,31,0,0,341,0,0,0
"Vincennes, IN","47180",2019,359,328,31,0,0,0,0,87,50,36,0,0,359,0,0,0
"Vineland-Bridgeton, NJ","47220",2019,361,297,61,3,0,0,0,105,58,40,0,2,268,0,91,0
"Vineyard Haven, MA","47240",2019,352,331,17,4,0,0,0,126,48,38,0,0,344,0,8,0
"Virginia Beach-Norfolk-Newport News, VA-NC","47260",2019,365,317,48,0,0,0,0,97,52,40,0,44,226,0,95,0
"Visalia-Porterville, CA","47300",2019,365,127,157,78,2,1,0,280,122,66,0,2,242,0,98,23
"Wabash, IN","47340",2019,351,319,32,0,0,0,0,97,50,37,0,0,351,0,0,0
"Waco, TX","47380",2019,365,329,36,0,0,0,0,87,50,38,1,0,321,0,43,0
"Walla Walla, WA","47460",2019,365,318,47,0,0,0,0,93,52,23,0,0,0,0,231,134
"Walterboro, SC","47500",2019,7,7,0,0,0,0,0,32,32,29,0,0,5,0,2,0
"Warner Robins, GA","47580",2019,354,246,106,1,1,0,0,152,61,38,0,0,0,0,354,0
"Warren, PA","47620",2019,365,357,6,2,0,0,0,120,27,9,0,0,0,365,0,0
"Washington Court House, OH","47920",2019,355,332,23,0,0,0,0,74,48,38,0,0,355,0,0,0
"Washington, IN","47780",2019,350,350,0,0,0,0,0,19,7,1,0,0,0,350,0,0
"Washington, NC","47820",2019,352,352,0,0,0,0,0,39,6,0,0,0,0,352,0,0
"Washington-Arlington-Alexandria, DC-VA-MD-WV","47900",2019,365,209,145,10,1,0,0,157,78,47,0,25,226,0,114,0
"Waterloo-Cedar Falls, IA","47940",2019,363,286,77,0,0,0,0,90,61,39,0,0,193,0,170,0
"Watertown, SD","47980",2019,361,325,36,0,0,0,0,83,50,25,0,0,0,0,278,83
"Watertown-Fort Atkinson, WI","48020",2019,203,191,12,0,0,0,0,100,48,37,0,0,203,0,0,0
"Watertown-Fort Drum, NY","48060",2019,205,198,7,0,0,0,0,64,46,35,0,0,205,0,0,0
"Wausau, WI","48140",2019,205,196,9,0,0,0,0,84,47,34,0,0,205,0,0,0
"Weatherford, OK","48220",2019,236,235,1,0,0,0,0,58,26,14,0,0,0,0,0,236
"Weirton-Steubenville, WV-OH","48260",2019,365,217,144,4,0,0,0,123,65,46,0,0,126,29,209,1
"Wenatchee, WA","48300",2019,365,298,66,1,0,0,0,102,56,24,0,0,0,0,365,0
"Wheeling, WV-OH","48540",2019,365,318,47,0,0,0,0,77,54,39,4,64,221,15,61,0
"Whitewater-Elkhorn, WI","48580",2019,205,189,15,1,0,0,0,112,49,37,0,0,205,0,0,0
"Wichita, KS","48620",2019,365,301,64,0,0,0,0,97,58,40,0,5,265,0,86,9
"Williamsport, PA","48700",2019,361,340,21,0,0,0,0,74,46,35,0,0,299,0,62,0
"Williston, ND","48780",2019,365,309,53,3,0,0,0,128,56,34,0,0,253,56,55,1
"Wilmington, NC","48900",2019,348,319,29,0,0,0,0,80,50,34,0,0,222,0,126,0
"Wilmington, OH","48940",2019,244,203,41,0,0,0,0,100,58,43,0,0,244,0,0,0
"Winchester, VA-WV","49020",2019,365,333,32,0,0,0,0,96,49,38,0,0,203,0,162,0
"Winona, MN","49100",2019,57,53,4,0,0,0,0,61,45,15,0,0,0,0,57,0
"Winston-Salem, NC","49180",2019,365,225,140,0,0,0,0,97,64,45,0,10,172,0,183,0
"Worcester, MA-CT","49340",2019,365,312,52,1,0,0,0,105,55,40,0,12,232,0,121,0
"Yakima, WA","49420",2019,365,227,128,10,0,0,0,127,76,38,0,0,0,0,363,2
"York-Hanover, PA","49620",2019,365,299,66,0,0,0,0,93,56,41,0,21,232,1,111,0
"Youngstown-Warren-Boardman, OH-PA","49660",2019,365,276,89,0,0,0,0,100,60,42,0,0,226,0,139,0
"Yuba City, CA","49700",2019,365,239,124,2,0,0,0,110,71,44,0,0,249,0,109,7
"Yuma, AZ","49740",2019,365,265,97,3,0,0,0,129,67,45,0,0,273,0,42,50
